ID,label
TEST_000,airplane
TEST_001,airplane
TEST_002,airplane
TEST_003,airplane
TEST_004,airplane
TEST_005,airplane
TEST_006,airplane
TEST_007,airplane
TEST_008,airplane
TEST_009,airplane
TEST_010,airplane
TEST_011,airplane
TEST_012,airplane
TEST_013,airplane
TEST_014,airplane
TEST_015,airplane
TEST_016,airplane
TEST_017,airplane
TEST_018,airplane
TEST_019,airplane
TEST_020,airplane
TEST_021,airplane
TEST_022,airplane
TEST_023,airplane
TEST_024,airplane
TEST_025,airplane
TEST_026,airplane
TEST_027,airplane
TEST_028,airplane
TEST_029,airplane
TEST_030,airplane
TEST_031,airplane
TEST_032,airplane
TEST_033,airplane
TEST_034,airplane
TEST_035,airplane
TEST_036,airplane
TEST_037,airplane
TEST_038,airplane
TEST_039,airplane
TEST_040,airplane
TEST_041,airplane
TEST_042,airplane
TEST_043,airplane
TEST_044,airplane
TEST_045,airplane
TEST_046,airplane
TEST_047,airplane
TEST_048,airplane
TEST_049,airplane
TEST_050,airplane
TEST_051,airplane
TEST_052,airplane
TEST_053,airplane
TEST_054,airplane
TEST_055,airplane
TEST_056,airplane
TEST_057,airplane
TEST_058,airplane
TEST_059,airplane
TEST_060,airplane
TEST_061,airplane
TEST_062,airplane
TEST_063,airplane
TEST_064,airplane
TEST_065,airplane
TEST_066,airplane
TEST_067,airplane
TEST_068,airplane
TEST_069,airplane
TEST_070,airplane
TEST_071,airplane
TEST_072,airplane
TEST_073,airplane
TEST_074,airplane
TEST_075,airplane
TEST_076,airplane
TEST_077,airplane
TEST_078,airplane
TEST_079,airplane
TEST_080,airplane
TEST_081,airplane
TEST_082,airplane
TEST_083,airplane
TEST_084,airplane
TEST_085,airplane
TEST_086,airplane
TEST_087,airplane
TEST_088,airplane
TEST_089,airplane
TEST_090,airplane
TEST_091,airplane
TEST_092,airplane
TEST_093,airplane
TEST_094,airplane
TEST_095,airplane
TEST_096,airplane
TEST_097,airplane
TEST_098,airplane
TEST_099,airplane
TEST_100,airplane
TEST_101,airplane
TEST_102,airplane
TEST_103,airplane
TEST_104,airplane
TEST_105,airplane
TEST_106,airplane
TEST_107,airplane
TEST_108,airplane
TEST_109,airplane
TEST_110,airplane
TEST_111,airplane
TEST_112,airplane
TEST_113,airplane
TEST_114,airplane
TEST_115,airplane
TEST_116,airplane
TEST_117,airplane
TEST_118,airplane
TEST_119,airplane
TEST_120,airplane
TEST_121,airplane
TEST_122,airplane
TEST_123,airplane
TEST_124,airplane
TEST_125,airplane
TEST_126,airplane
TEST_127,airplane
TEST_128,airplane
TEST_129,airplane
TEST_130,airplane
TEST_131,airplane
TEST_132,airplane
TEST_133,airplane
TEST_134,airplane
TEST_135,airplane
TEST_136,airplane
TEST_137,airplane
TEST_138,airplane
TEST_139,airplane
TEST_140,airplane
TEST_141,airplane
TEST_142,airplane
TEST_143,airplane
TEST_144,airplane
TEST_145,airplane
TEST_146,airplane
TEST_147,airplane
TEST_148,airplane
TEST_149,airplane
TEST_150,airplane
TEST_151,airplane
TEST_152,airplane
TEST_153,airplane
TEST_154,airplane
TEST_155,airplane
TEST_156,airplane
TEST_157,airplane
TEST_158,airplane
TEST_159,airplane
TEST_160,airplane
TEST_161,airplane
TEST_162,airplane
TEST_163,airplane
TEST_164,airplane
TEST_165,airplane
TEST_166,airplane
TEST_167,airplane
TEST_168,airplane
TEST_169,airplane
TEST_170,airplane
TEST_171,airplane
TEST_172,airplane
TEST_173,airplane
TEST_174,airplane
TEST_175,airplane
TEST_176,airplane
TEST_177,airplane
TEST_178,airplane
TEST_179,airplane
TEST_180,airplane
TEST_181,airplane
TEST_182,airplane
TEST_183,airplane
TEST_184,airplane
TEST_185,airplane
TEST_186,airplane
TEST_187,airplane
TEST_188,airplane
TEST_189,airplane
TEST_190,airplane
TEST_191,airplane
TEST_192,airplane
TEST_193,airplane
TEST_194,airplane
TEST_195,airplane
TEST_196,airplane
TEST_197,airplane
TEST_198,airplane
TEST_199,airplane
TEST_200,airplane
TEST_201,airplane
TEST_202,airplane
TEST_203,airplane
TEST_204,airplane
TEST_205,airplane
TEST_206,airplane
TEST_207,airplane
TEST_208,airplane
TEST_209,airplane
TEST_210,airplane
TEST_211,airplane
TEST_212,airplane
TEST_213,airplane
TEST_214,airplane
TEST_215,airplane
TEST_216,airplane
TEST_217,airplane
TEST_218,airplane
TEST_219,airplane
TEST_220,airplane
TEST_221,airplane
TEST_222,airplane
TEST_223,airplane
TEST_224,airplane
TEST_225,airplane
TEST_226,airplane
TEST_227,airplane
TEST_228,airplane
TEST_229,airplane
TEST_230,airplane
TEST_231,airplane
TEST_232,airplane
TEST_233,airplane
TEST_234,airplane
TEST_235,airplane
TEST_236,airplane
TEST_237,airplane
TEST_238,airplane
TEST_239,airplane
TEST_240,airplane
TEST_241,airplane
TEST_242,airplane
TEST_243,airplane
TEST_244,airplane
TEST_245,airplane
TEST_246,airplane
TEST_247,airplane
TEST_248,airplane
TEST_249,airplane
